Workbook

Sheet Lista de Preço 02_2022
C1: Lista de Preços - 03/2022 - Leve e Pesada
P2: Atualizado em: 13/06/2022
L3: Em vigor: 01/07/2022 | P3: Verde: Lançamentos
A4: Código | B4: Preço | C4: Liquido S/Imp | D4: Preço C/Imp SP | E4: IPI | F4: ICMS SP | G4: Leve/Pesada | H4: Produto | I4: Aplicação | J4: Sub Grupo | K4: Montadora | L4: Nº Original | M4: NCM | N4: CEST | O4: Peso (Kg) | P4: Código de Barras | Q4: Múltiplos
A5: AL-01 | B5: 92.286751 | C5: ='Lista de Preço 02_2022'!$B5*0.9*0.9*0.9*0.9*0.9*0.97 -> 52.859572 | D5: ='Lista de Preço 02_2022'!$C5*1.1712 -> 61.90913 | E5: 3.25 | F5: 0.18 | G5: Leve | H5: CUBO DE RODA | I5: FORD - Escort 1.6 08/1980 > 08/1990; Escort Hobby < 1995; Escort III RS Turbo 11/1984 > 12/1985; Escort XR3 1.8 1982 > 1992; Escort XR3/i 1.6 08/1980 > 1992; Verona todos < 1992; VOLKSWAGEN - Apollo todos 1990 >; | J5: CR - Leve | K5: FORD | L5: 81AB1106BB | M5: 87089990 | N5: 01.075.00 | O5: 1.506 | P5: 7898233430014 | Q5: 1
A6: AL-02 | B6: 18.694503 | C6: ='Lista de Preço 02_2022'!$B6*0.9*0.9*0.9*0.9*0.9*0.97 -> 10.70775 | D6: ='Lista de Preço 02_2022'!$C6*1.1712 -> 12.540916 | E6: 3.25 | F6: 0.18 | G6: Leve | H6: CAMBIO/TRAMB. | I6: FORD - Escort Todos Todos; | J6: Diversos - Leve | K6: FORD | L6: 86AU 6A022-AA | M6: 87089990 | N6: 01.075.00 | O6: 0.634 | P6: 7898233430021 | Q6: 1
A7: AL-03 | B7: 20.247953 | C7: ='Lista de Preço 02_2022'!$B7*0.9*0.9*0.9*0.9*0.9*0.97 -> 11.597527 | D7: ='Lista de Preço 02_2022'!$C7*1.1712 -> 13.583024 | E7: 3.25 | F7: 0.18 | G7: Leve | H7: CAMBIO/TRAMB. | I7: FORD - Escort Todos Todos; | J7: Diversos - Leve | K7: FORD | L7: 86AU-6A069-AA | M7: 87089990 | N7: 01.075.00 | O7: 0.836 | P7: 7898233430038 | Q7: 1
A8: AL-04 | B8: 148.76189 | C8: ='Lista de Preço 02_2022'!$B8*0.9*0.9*0.9*0.9*0.9*0.97 -> 85.207139 | D8: ='Lista de Preço 02_2022'!$C8*1.1627 -> 99.070341 | E8: 2.6 | F8: 0.18 | G8: Pesada | H8: EMBREAGEM | I8: FORD - 100 ; 1000 ; 11000 ; 12000 MWM 1993/1998; 14000 MWM 1993/1998; 2000 ; 21000 ; 350 ; 400 ; 4000 ; 600 1972/1980; 700 1977/1980; 750 1972/1977; F100 ; F1000 ; F11000 ; F12000 1981/1982; F12000 1993/1998; F14000 1980/1992; F14000 1993/1998; F19000 1981/1982; F2000 ; F21000 ; F350 ; F400 ; F4000 ; F600 1972/1980; F700 1977/1980; F750 1972/1977; VOLKSWAGEN - 12.140H 1991/1998; | J8: LP - Pesada | K8: FORD | L8: TEG-141857 | M8: 87089300 | N8: 01.075.00 | O8: 0.866 | P8: 7898233430045 | Q8: 1
A9: AL-05 | B9: 57.62626 | C9: ='Lista de Preço 02_2022'!$B9*0.9*0.9*0.9*0.9*0.9*0.97 -> 33.006898 | D9: ='Lista de Preço 02_2022'!$C9*1.1712 -> 38.657679 | E9: 3.25 | F9: 0.18 | G9: Leve | H9: TRIZETA | I9: FORD - Belina II 1977/1986; Corcel II ; Del Rey 1982/1988; Pampa 4x2 1981/1989; Pampa 4x4 1983/...; Scala TA 1982/1988; Scala TM 1981/1989; RENAULT - Clio ; Laguna ; Logan 1.6/16V ; Megane ; Sandero 1.6/16V ; Scenic ; | J9: TZ - Leve | K9: FORD | L9: 83NU3W007A | M9: 87089990 | N9: 01.075.00 | O9: 0.334 | P9: 7898233430052 | Q9: 1
A10: AL-06 | B10: 3.6351569 | C10: ='Lista de Preço 02_2022'!$B10*0.9*0.9*0.9*0.9*0.9*0.97 -> 2.0821281 | D10: ='Lista de Preço 02_2022'!$C10*1.1712 -> 2.4385884 | E10: 3.25 | F10: 0.18 | G10: Leve | H10: SUSPENSÃO | I10: FORD - Escort .../1985; | J10: Diversos - Leve | K10: FORD | L10: 78EB-5488-AB | M10: 87089990 | N10: 01.075.00 | O10: 0.12 | P10: 7898233430069 | Q10: 1
A11: AL-07 | B11: 7.0104387 | C11: ='Lista de Preço 02_2022'!$B11*0.9*0.9*0.9*0.9*0.9*0.97 -> 4.0154061 | D11: ='Lista de Preço 02_2022'!$C11*1.1712 -> 4.7028437 | E11: 3.25 | F11: 0.18 | G11: Leve | H11: SUSPENSÃO | I11: FORD - Escort .../1986; | J11: Diversos - Leve | K11: FORD | L11: 86AU-5488-A | M11: 87089990 | N11: 01.075.00 | O11: 0.168 | P11: 7898233430076 | Q11: 1
A12: AL-08 | B12: 181.89521 | C12: ='Lista de Preço 02_2022'!$B12*0.9*0.9*0.9*0.9*0.9*0.97 -> 104.18509 | D12: ='Lista de Preço 02_2022'!$C12*1.1712 -> 122.02157 | E12: 3.25 | F12: 0.18 | G12: Leve | H12: TULIPA | I12: FORD - Belina 1970>1991; Corcel II 1977>1986; Del Rey 1981>1991; Pampa 1982>1997; | J12: TU - Leve | K12: FORD | L12: BE3M3M104A | M12: 87089990 | N12: 01.075.00 | O12: 1.62 | P12: 7898233430083 | Q12: 1
A13: AL-09 | B13: 127.16923 | C13: ='Lista de Preço 02_2022'!$B13*0.9*0.9*0.9*0.9*0.9*0.97 -> 72.839394 | D13: ='Lista de Preço 02_2022'!$C13*1.1712 -> 85.309498 | E13: 3.25 | F13: 0.18 | G13: Leve | H13: CUBO DE RODA | I13: FORD - Courier 16V 1997 >; Ecosport todos 2003 >; Ecosport Todos 2003>; Escort (menos 2.0i) 1993 > 1996; Escort 1.6 1992 >; Escort Hobby 1993 > 1996; Escort MK5 1993 >; Escort S.W 1.6 2000 >; Escort S.W 1.8i 16V 1996 >; Escort S.W Zetec 1996 >; Escort Zetec 1.6 2000 >; Escort Zetec 1.8 16V 1996 >; Fiesta 1.4 16V 1996 > 1996; Fiesta III - 1.1 / 1.4 03/1989>1995; Fiesta III 1.8 XR2i 16V 02/1992>1996; Fiesta IV 1.2i 08/1995>2002; Fiesta IV 1.4i 16V 04/1996>2002; Fiesta Sedan 2002>; Focus 1.6 8V 2000>2008; Focus 1.8 16V 2000>2008; Focus 2.0 2000>2008; KA todos 1997 >; Verona todos (menos 2.0i) 1993 > 1996; Verona Zetec 1996 >; VOLKSWAGEN - Logus todos s/ABS 1993 > 1997; Pointer CL/GL (menos GTI 2.0) 1994 > 1997; | J13: CR - Leve | K13: FORD | L13: 547407601 | M13: 87089990 | N13: 01.075.00 | O13: 1.61 | P13: 7898233430090 | Q13: 1
A14: AL-10 | B14: 189.94393 | C14: ='Lista de Preço 02_2022'!$B14*0.9*0.9*0.9*0.9*0.9*0.97 -> 108.79519 | D14: ='Lista de Preço 02_2022'!$C14*1.1712 -> 127.42093 | E14: 3.25 | F14: 0.18 | G14: Leve | H14: CUBO DE RODA | I14: FORD - Belina II 1975 > 1991; Corcel I/II 1975 > 1983; Del Rey todos 1981 > 1991; Pampa 4WD 1982 >; Pampa todos 1986 >; Scala L 1983 >; | J14: CR - Leve | K14: FORD | L14: 87EU1104AA | M14: 87089990 | N14: 01.075.00 | O14: 2.102 | P14: 7898233430106 | Q14: 1
A15: AL-100 | B15: 102.02972 | C15: ='Lista de Preço 02_2022'!$B15*0.9*0.9*0.9*0.9*0.9*0.97 -> 58.440103 | D15: ='Lista de Preço 02_2022'!$C15*1.1712 -> 68.445049 | E15: 3.25 | F15: 0.18 | G15: Leve | H15: PONTA DE EIXO | I15: CHEVROLET / GM - Kadett Todos 1989>; Monza Todos 1985>; | J15: PE - Leve | K15: CHEVROLET | L15: 94628790 | M15: 87089990 | N15: 01.075.00 | O15: 0.89 | P15: 7898233430557 | Q15: 1
A16: AL-1000 | B16: 200.31849 | C16: ='Lista de Preço 02_2022'!$B16*0.9*0.9*0.9*0.9*0.9*0.97 -> 114.73749 | D16: ='Lista de Preço 02_2022'!$C16*1.1712 -> 134.38054 | E16: 3.25 | F16: 0.18 | G16: Leve | H16: HOMOCINETICA | I16: VOLKSWAGEN - Kombi 1.6 02.1978/12.1997; Variant II 1978>1981; | J16: PH - Utilitario | K16: VOLKSWAGEN | L16: 153169/ 156169 | M16: 87089990 | N16: 01.075.00 | O16: 1.688 | P16: 7898233435088 | Q16: 1
A17: AL-1001 | B17: 204.20817 | C17: ='Lista de Preço 02_2022'!$B17*0.9*0.9*0.9*0.9*0.9*0.97 -> 116.9654 | D17: ='Lista de Preço 02_2022'!$C17*1.1712 -> 136.98987 | E17: 3.25 | F17: 0.18 | G17: Leve | H17: HOMOCINETICA | I17: VOLKSWAGEN - Kombi 1.4 Flex 2006 > 2013; Kombi 1.6 01/1998 > 2013; | J17: PH - Utilitario | K17: VOLKSWAGEN | L17: 546.759/ 546/749 | M17: 87089990 | N17: 01.075.00 | O17: 1.688 | P17: 7898233435071 | Q17: 1
A18: AL-1003 | B18: 175.10741 | C18: ='Lista de Preço 02_2022'!$B18*0.9*0.9*0.9*0.9*0.9*0.97 -> 100.2972 | D18: ='Lista de Preço 02_2022'!$C18*1.1712 -> 117.46808 | E18: 3.25 | F18: 0.18 | G18: Leve | H18: HOMOCINETICA | I18: FORD - Belina 1.8 08.1989/04.1991; Del Rey 1.6 08.1989/04.1991; Del Rey 1.8 08.1989/04.1991; Escort 1.6 12.1992/12.1996; Escort 1.8 05.1989/11.1992; Pampa 1.8 08.1989/12.1997; Royale 1.8 02.1991/11.1992; Royale 2.0 02.1991/11.1992; Scala 1.8 08.1989/04.1991; Versailles 1.8 01.1990/09.1993; Versailles 2.0 01.1991/11.1992; VOLKSWAGEN - Apollo 1.8 1990/1992; Carat 1.8 1987/1997; Carat 2.0 1987/1997; Gol 1.0 16V 1997>2001; Gol 1.0 8V 1992>1996; Gol 1.3 8V 1980>1986; Gol 1.6 1994/2006; Gol 1.6 8V 1986>1994; Gol 1.6 8V AE 1989>1994; Gol 1.6 8V Refr. Ar 1982>1986; Gol 1.8 8V 1982/1994; Gol 1.8 8V 1994/2006; Gol 2.0 8V 1988/1994; Logus 1.6 1993/1996; Parati 1.0 16V 1997>; Parati 1.6 8V 1982>1996; Parati 1.6 8V 1994/...; Parati 1.8 8V 1982/1995; Parati 2.0 8V 1988/1995; Passat 1.5 1975>1986; Passat 1.6 1975>1988; Passat 1.8 1987/1988; Quantum 1.8 1986/1992; Quantum 2.0 8V 1986/1992; Santana 1.8 1984/1992; Santana 2.0 1984/1992; Saveiro 1.3 / 1.6 1984>1986; Saveiro 1.6 1996/...; Saveiro 1.6 AE 1987>1995; Saveiro 1.8 (AP) 1989/1995; Saveiro 1.8 1996/...; Saveiro 2.0 (AP) 1989/1995; Voyage 1.5 1982>1989; Voyage 1.6 1987>1989; Voyage 1.8 8V 1986/1987; | J18: PH - Leve | K18: VOLKSWAGEN | L18: 146139 | M18: 87089990 | N18: 01.075.00 | O18: 1.432 | P18: 7898233435057 | Q18: 1
A19: AL-1004 | B19: 183.86278 | C19: ='Lista de Preço 02_2022'!$B19*0.9*0.9*0.9*0.9*0.9*0.97 -> 105.31206 | D19: ='Lista de Preço 02_2022'!$C19*1.1712 -> 123.34149 | E19: 3.25 | F19: 0.18 | G19: Leve | H19: HOMOCINETICA | I19: VOLKSWAGEN - Fox 1.0 8V 2009>; Gol 1.0 8V - G5 2009>; Voyage 1.0 8V 2009>; | J19: PH - Leve | K19: VOLKSWAGEN | L19: 5U0 498103 | M19: 87089990 | N19: 01.075.00 | O19: 1.434 | P19: 7899823502487 | Q19: 1
A20: AL-1008 | B20: 297.19776 | C20: ='Lista de Preço 02_2022'!$B20*0.9*0.9*0.9*0.9*0.9*0.97 -> 170.22754 | D20: ='Lista de Preço 02_2022'!$C20*1.1712 -> 199.37049 | E20: 3.25 | F20: 0.18 | G20: Leve | H20: HOMOCINETICA | I20: TOYOTA - Hilux SRV Turbo Diesel 2006>; Hilux SW 3.0 Turbo Diesel 2005>; Hilux SW4 2.5 - Turbo Diesel 2005>; | J20: PH - Utilitario | K20: TOYOTA | L20: HILUX-SW/SRV | M20: 87089990 | N20: 01.075.00 | O20: 3.954 | P20: 7899823502494 | Q20: 1
A21: AL-101 | B21: 94.471963 | C21: ='Lista de Preço 02_2022'!$B21*0.9*0.9*0.9*0.9*0.9*0.97 -> 54.111207 | D21: ='Lista de Preço 02_2022'!$C21*1.1712 -> 63.375046 | E21: 3.25 | F21: 0.18 | G21: Leve | H21: PONTA DE EIXO | I21: CHEVROLET / GM - Agile 2010>; Celta 2001>; Corsa Classic/ Pick Up/ HatcH/ Sedan/ Wagon ; Prisma 2007>; Tigra ; | J21: PE - Leve | K21: CHEVROLET | L21: 90129572 | M21: 87089990 | N21: 01.075.00 | O21: 0.896 | P21: 7898233430564 | Q21: 1
A22: AL-1010 | B22: 141.12726 | C22: ='Lista de Preço 02_2022'!$B22*0.9*0.9*0.9*0.9*0.9*0.97 -> 80.834207 | D22: ='Lista de Preço 02_2022'!$C22*1.1712 -> 94.673023 | E22: 3.25 | F22: 0.18 | G22: Leve | H22: HOMOCINETICA | I22: FORD - Royale 1.8 1984/1992; Royale 2.0 1984/1992; Versailles 1.8 s/ABS 1984/1992; Versailles 2.0 s/ABS 1984/1992; VOLKSWAGEN - Carat 1.8 1987/1997; Carat 2.0 1987/1997; Gol 1.0 Mi - 8V/ 16V 1997>2001; Gol 1.0 Plus 1997>; Gol 1.6 1986/1994; Gol 1.6/ 1.8 11/1999>; Gol 1.8 1986/1994; Gol 2.0 1988/1994; Parati 1.0 Mi 16V 1997>2001; Parati 1.6 1986/1996; Parati 1.6 8V 1994>; Parati 1.8 1986/1996; Parati 1.8 8V 1996>; Passat 1.6 1986/1988; Passat 1.8 1975/1988; Quantum 1.8 8V 1986/1992; Quantum 2.0 8V 1986/1992; Santana s/ ABS 1984/1992; Saveiro 1.6 (AE) 1987/1995; Saveiro 1.6 / 1.8 08/1996; Saveiro 1.8 (AP) 1989/1995; Saveiro 2.0 1989/1995; Voyage 1.6 1986/1996; Voyage 1.8 1986/1996; | J22: PH - Leve | K22: VOLKSWAGEN | L22: 325-129/A | M22: 87089990 | N22: 01.075.00 | O22: 1.734 | P22: 7898233435187 | Q22: 1
A23: AL-1011 | B23: 148.58782 | C23: ='Lista de Preço 02_2022'!$B23*0.9*0.9*0.9*0.9*0.9*0.97 -> 85.107433 | D23: ='Lista de Preço 02_2022'!$C23*1.1712 -> 99.677825 | E23: 3.25 | F23: 0.18 | G23: Leve | H23: HOMOCINETICA | I23: FIAT - 128 1984/1986; Brio 1984/1994; Duna 1984/1994; Elba 1.3 1987/1996; Elba 1.5 1987/1996; Elba 1.6 1987/1996; Fiorino 1.0 1995/2000; Fiorino 1.3 1980/2006; Fiorino 1.5 1980/2006; Fiorino 1.6 1980/2006; Premio 1.3 1985/1995; Premio 1.5 1985/1995; Premio 1.6 1985/1995; Uno 1.0 1991/1995; Uno 1.3 1984/1996; Uno 1.5 1984/1996; Uno 1.5R 1984/1996; Uno 1.6 1984/1996; Uno 1.6R 1984/1996; Uno 1050 - s/ ABS 1985/1991; | J23: PH - Leve | K23: FIAT | L23: 515-339 | M23: 87089990 | N23: 01.075.00 | O23: 1.81 | P23: 7898233435194 | Q23: 1
A24: AL-1013 | B24: 195.94766 | C24: ='Lista de Preço 02_2022'!$B24*0.9*0.9*0.9*0.9*0.9*0.97 -> 112.23398 | D24: ='Lista de Preço 02_2022'!$C24*1.1712 -> 131.44844 | E24: 3.25 | F24: 0.18 | G24: Leve | H24: HOMOCINETICA | I24: FORD - Belina 1.8 1989/1991; Del Rey 1.6 1989/1991; Del Rey 1.8 1989/1991; Pampa 1.8 - 4x2 09.1989/1997; Scala 1.8 1989/1997; | J24: PH - Leve | K24: FORD | L24: 1105-149 | M24: 87089990 | N24: 01.075.00 | O24: 2.034 | P24: 7898233435217 | Q24: 1
A25: AL-1014 | B25: 185.30146 | C25: ='Lista de Preço 02_2022'!$B25*0.9*0.9*0.9*0.9*0.9*0.97 -> 106.1361 | D25: ='Lista de Preço 02_2022'!$C25*1.1712 -> 124.3066 | E25: 3.25 | F25: 0.18 | G25: Leve | H25: HOMOCINETICA | I25: FORD - Belina 1971/1999; Corcel 1971/1999; Del Rey 1971/1999; Pampa 4x2 1971/1999; Pampa 4x4 1983/1997; Scala 1.6 1981/1989; | J25: PH - Leve | K25: FORD | L25: 295-149 | M25: 87089990 | N25: 01.075.00 | O25: 2.046 | P25: 7898233435224 | Q25: 1
A26: AL-1015 | B26: 170.17481 | C26: ='Lista de Preço 02_2022'!$B26*0.9*0.9*0.9*0.9*0.9*0.97 -> 97.471927 | D26: ='Lista de Preço 02_2022'!$C26*1.1712 -> 114.15912 | E26: 3.25 | F26: 0.18 | G26: Leve | H26: HOMOCINETICA | I26: VOLKSWAGEN - Gol 1975/1986; Parati 1975/1986; Passat 1975/1986; Saveiro 1975/1986; Voyage 1975/1986; | J26: PH - Leve | K26: VOLKSWAGEN | L26: 325-129 | M26: 87089990 | N26: 01.075.00 | O26: 1.712 | P26: 7898233435231 | Q26: 1
A27: AL-1016 | B27: 201.68866 | C27: ='Lista de Preço 02_2022'!$B27*0.9*0.9*0.9*0.9*0.9*0.97 -> 115.52228 | D27: ='Lista de Preço 02_2022'!$C27*1.1712 -> 135.2997 | E27: 3.25 | F27: 0.18 | G27: Leve | H27: HOMOCINETICA | I27: CHEVROLET / GM - Ipanema 09/1993>12/1997; Ipanema 1.8 1989/1993; Ipanema 2.0 1989/1997; Kadett 09/1993>12/1997; Kadett 1.8 1989/1993; Kadett 2.0 1989/1997; Monza 09/1993>12/1997; Monza 1.6 1982/1993; Monza 1.8 1982/1993; Monza 2.0 1985/1993; Vectra 1.8 / 2.0 - s/ABS 1993>1996; | J27: PH - Leve | K27: CHEVROLET | L27: 1291-419 | M27: 87089990 | N27: 01.075.00 | O27: 2.392 | P27: 7898233435248 | Q27: 1
A28: AL-1017 | B28: 151.26172 | C28: ='Lista de Preço 02_2022'!$B28*0.9*0.9*0.9*0.9*0.9*0.97 -> 86.638976 | D28: ='Lista de Preço 02_2022'!$C28*1.1712 -> 101.47157 | E28: 3.25 | F28: 0.18 | G28: Leve | H28: HOMOCINETICA | I28: CHEVROLET / GM - Celta 1.0 8V - s/ ABS 2000/...; Celta 1.4 8V - s/ ABS 2000/...; Corsa 1.0 - s/ ABS 1994/2003; Corsa 1.0 Classic - s/ ABS 2004/2007; Corsa 1.4 - s/ ABS 1994/2003; Corsa 1.6 - s/ ABS 1994/2003; Corsa 1.6 Classic - s/ ABS 2004/2007; Corsa Pick Up 1.6 8V - s/ ABS 1995/2003; Corsa Sedan 1.0 - s/ ABS 1994/2003; Corsa Sedan 1.6 - s/ ABS 1994/2003; Corsa Wagon 1.0 - s/ ABS 1994/2003; Corsa Wagon 1.6 - s/ ABS 1994/2003; Montana 1.4 8V - Eixo GKN - s/ ABS 2010/...; Novo Corsa 1.0 8V - s/ ABS 2002/...; Novo Corsa 1.4 8V - s/ ABS 2002/...; Prisma 1.0 8V Flex - s/ ABS 2007/...; Prisma 1.4 8V Flex - s/ ABS 2007/...; | J28: PH - Leve | K28: CHEVROLET | L28: 1355-499 | M28: 87089990 | N28: 01.075.00 | O28: 1.856 | P28: 7898233435255 | Q28: 1
A29: AL-1018 | B29: 203.71651 | C29: ='Lista de Preço 02_2022'!$B29*0.9*0.9*0.9*0.9*0.9*0.97 -> 116.68379 | D29: ='Lista de Preço 02_2022'!$C29*1.1712 -> 136.66005 | E29: 3.25 | F29: 0.18 | G29: Leve | H29: HOMOCINETICA | I29: FORD - Royale s/ ABS 11.1992/12.1995; Versailles s/ ABS 11.1992/12.1995; VOLKSWAGEN - Gol 2.0 8V - s/ ABS 10.1994/...; Gol 2.0 8V 1996/...; Parati 2.0 8V s/ABS 1996/...; Quantum 1.8 8V - s/ ABS 1992/2002; Quantum 2.0 8V - s/ ABS 1992/2002; Santana 1.8 - s/ ABS 1992/2007; Santana 2.0 - s/ ABS 1992/2007; Saveiro 2.0 1996/...; | J29: PH - Leve | K29: VOLKSWAGEN | L29: 1361-419 | M29: 87089990 | N29: 01.075.00 | O29: 2.154 | P29: 7898233435262 | Q29: 1
A30: AL-102 | B30: 232.07313 | C30: ='Lista de Preço 02_2022'!$B30*0.9*0.9*0.9*0.9*0.9*0.97 -> 132.92576 | D30: ='Lista de Preço 02_2022'!$C30*1.1712 -> 155.68264 | E30: 3.25 | F30: 0.18 | G30: Leve | H30: CUBO DE RODA | I30: CHEVROLET / GM - Astra 1.8 1994 > 1998; Astra 1.8 8V 1999 >; Astra 2.0 16V 1999 >; Astra 2.0 8V < 1996; Astra S.W < 1996; Chevy todos 1980 >; Corsa Pick up todos; Ipanema todos 1990 > 1998; Kadett todos 1989 > 1998; Marajó todos 1973 >; Monza todos 1982 > 1997; Tigra 1.4 / 1.6 1998 >; Tracker todos 2001 >; Vectra 2.0 16V 1994 > 1999; Vectra 2.0 1994 > 1996; Vectra 2.0 8V 1997 > 1999; Vectra 2.2 16V 1997 > 1999; Vectra 2.2 8V 1999 >; | J30: CR - Leve | K30: CHEVROLET | L30: 90157011 | M30: 87089990 | N30: 01.075.00 | O30: 2.178 | P30: 7898233430571 | Q30: 1
A31: AL-1020 | B31: 180.12222 | C31: ='Lista de Preço 02_2022'!$B31*0.9*0.9*0.9*0.9*0.9*0.97 -> 103.16956 | D31: ='Lista de Preço 02_2022'!$C31*1.1712 -> 120.83219 | E31: 3.25 | F31: 0.18 | G31: Leve | H31: HOMOCINETICA | I31: FORD - Courier 1.3 1997/1999; Fiesta Endura GII - 1.0 s/ ABS 1996/1999; Fiesta Endura GII - 1.3 s/ ABS 1996/1999; Ka Endura - 1.0 s/ ABS 1996/1999; Ka Endura - 1.3 s/ ABS 1996/1999; | J31: PH - Leve | K31: FORD | L31: 1481-609 | M31: 87089990 | N31: 01.075.00 | O31: 1.654 | P31: 7898233435286 | Q31: 1
A32: AL-1021 | B32: 179.4851 | C32: ='Lista de Preço 02_2022'!$B32*0.9*0.9*0.9*0.9*0.9*0.97 -> 102.80463 | D32: ='Lista de Preço 02_2022'!$C32*1.1712 -> 120.40478 | E32: 3.25 | F32: 0.18 | G32: Leve | H32: HOMOCINETICA | I32: FIAT - Fiorino 1.6 1996/2006; Palio 1.5 1996/2000; Palio 1.6 8V 1996/2000; Palio 1.7 Diesel 1996/2000; Palio Weekend 1.5 1997/2000; Palio Weekend 1.6 8V 1997/2000; Siena 1.5 1997/2000; Siena 1.6 16V 1997/2000; Siena 1.6 8V 1997/2000; Siena 1.7 - s/ ABS 1997 > 2000; | J32: PH - Leve | K32: FIAT | L32: 1501/669 | M32: 87089990 | N32: 01.075.00 | O32: 1.864 | P32: 7898233435293 | Q32: 1
A33: AL-1022 | B33: 213.19122 | C33: ='Lista de Preço 02_2022'!$B33*0.9*0.9*0.9*0.9*0.9*0.97 -> 122.11066 | D33: ='Lista de Preço 02_2022'!$C33*1.1712 -> 143.01601 | E33: 3.25 | F33: 0.18 | G33: Leve | H33: HOMOCINETICA | I33: FORD - Escort 1.8 1993/1996; Escort 2.0 1993/1996; Verona 1.8 1993/1996; Verona 2.0 1993/1996; VOLKSWAGEN - Logus 1.8 1992/1996; Logus 2.0 1992/1996; Pointer 1.8 1993/1996; Pointer 2.0 1993/1996; | J33: PH - Leve | K33: FORD | L33: 1171-419 | M33: 87089990 | N33: 01.075.00 | O33: 2.278 | P33: 7898233435309 | Q33: 1
A34: AL-1023 | B34: 170.4968 | C34: ='Lista de Preço 02_2022'!$B34*0.9*0.9*0.9*0.9*0.9*0.97 -> 97.656355 | D34: ='Lista de Preço 02_2022'!$C34*1.1712 -> 114.37512 | E34: 3.25 | F34: 0.18 | G34: Leve | H34: HOMOCINETICA | I34: FIAT - Fiorino 1.3 8V / 1.3 16V - Fire - s/ ABS 2000>2009; Fiorino 1.6 8V - S/ ABS 1994>1995; Palio 1.0 8V - s/ ABS 1996>2000; Palio 1.3 s/ ABS 1996>2008; Palio Weekend - 1.0 8V - s/ ABS 1998>2008; Siena 1.0 8V - s/ ABS 1998>2088; Uno Mile 1.0 8V - S/ABS 1991>2012; | J34: PH - Leve | K34: FIAT | L34: 1491-599 | M34: 87089990 | N34: 01.075.00 | O34: 1.866 | P34: 7898233435316 | Q34: 1
A35: AL-1024 | B35: 219.65156 | C35: ='Lista de Preço 02_2022'!$B35*0.9*0.9*0.9*0.9*0.9*0.97 -> 125.81099 | D35: ='Lista de Preço 02_2022'!$C35*1.1712 -> 147.34983 | E35: 3.25 | F35: 0.18 | G35: Leve | H35: HOMOCINETICA | I35: FIAT - Tempra 2.0 s/ ABS 1992/1999; Tipo 2.0 s/ ABS 1992/1999; | J35: PH - Leve | K35: FIAT | L35: 1111-539 | M35: 87089990 | N35: 01.075.00 | O35: 2.28 | P35: 7898233435323 | Q35: 1
A36: AL-1025 | B36: 195.38589 | C36: ='Lista de Preço 02_2022'!$B36*0.9*0.9*0.9*0.9*0.9*0.97 -> 111.91221 | D36: ='Lista de Preço 02_2022'!$C36*1.1712 -> 131.07158 | E36: 3.25 | F36: 0.18 | G36: Leve | H36: HOMOCINETICA | I36: FORD - Escort 1.0 Hobby (AE) 1993/...; Escort 1.6 Hobby 1993/...; Escort 1.8 1989/1992; Verona 1.8 1990/1993; VOLKSWAGEN - Apollo 1.8 1990/1992; | J36: PH - Leve | K36: FORD | L36: 531-279/A | M36: 87089990 | N36: 01.075.00 | O36: 1.754 | P36: 7898233435330 | Q36: 1
A37: AL-1027 | B37: 200.27054 | C37: ='Lista de Preço 02_2022'!$B37*0.9*0.9*0.9*0.9*0.9*0.97 -> 114.71002 | D37: ='Lista de Preço 02_2022'!$C37*1.1712 -> 134.34837 | E37: 3.25 | F37: 0.18 | G37: Leve | H37: HOMOCINETICA | I37: FORD - Courier 1.4 s/ ABS 1997/2006; Escort 1.6 Zetec Rocam - s/ ABS 1997/2003; Escort 1.8 16V - Zetec Rocam - s/ ABS 1997/2003; Fiesta 1.4 16V Zetec - s/ ABS 1996/2006; Fiesta 1.8 (Argentino) - s/ ABS 1996/2006; | J37: PH - Leve | K37: FORD | L37: 1525-279 | M37: 87089990 | N37: 01.075.00 | O37: 1.848 | P37: 7898233435354 | Q37: 1
A38: AL-1028 | B38: 194.43742 | C38: ='Lista de Preço 02_2022'!$B38*0.9*0.9*0.9*0.9*0.9*0.97 -> 111.36895 | D38: ='Lista de Preço 02_2022'!$C38*1.1712 -> 130.43531 | E38: 3.25 | F38: 0.18 | G38: Leve | H38: HOMOCINETICA | I38: FORD - Escort 1.3 1983/1992; Verona 1.6 motor CHT 1983/1992; | J38: PH - Leve | K38: FORD | L38: 531-279 | M38: 87089990 | N38: 01.075.00 | O38: 1.74 | P38: 7898233435361 | Q38: 1
A39: AL-1029 | B39: 212.06675 | C39: ='Lista de Preço 02_2022'!$B39*0.9*0.9*0.9*0.9*0.9*0.97 -> 121.4666 | D39: ='Lista de Preço 02_2022'!$C39*1.1712 -> 142.26168 | E39: 3.25 | F39: 0.18 | G39: Leve | H39: HOMOCINETICA | I39: FORD - Courier 1.6 Zetec Rocam - s/ ABS 1999>2013; Ecosport 1.0 - 4x2 - Zetec Rocam - Supercharger s/ ABS 2002>2007; Ecosport 1.6 Zetec Rocam - s/ ABS 2003>2012; Fiesta 1.0 8V Zetec Rocam Supercharger - s/ ABS 2002>2014; Fiesta 1.6 8V Zetec Rocam - s/ ABS 2002>2012; Fiesta GII - 1.6 Zetec Rocam - s/ ABS 1999>2006; Focus 1.6 - Zetec Rocam 2003>10/2009; Focus 1.6 - Zetec Rocam 2006>2010; Ka 1.6 Zetec Rocam - s/ ABS 2000>2012; | J39: PH - Leve | K39: FORD | L39: 1735909 | M39: 87089990 | N39: 01.075.00 | O39: 1.678 | P39: 7898233435378 | Q39: 1
A40: AL-103 | B40: 106.3061 | C40: ='Lista de Preço 02_2022'!$B40*0.9*0.9*0.9*0.9*0.9*0.97 -> 60.889511 | D40: ='Lista de Preço 02_2022'!$C40*1.1712 -> 71.313795 | E40: 3.25 | F40: 0.18 | G40: Leve | H40: CUBO DE RODA | I40: CHEVROLET / GM - Calibra 2.0 16V 4x4 06/1990 > 02/1994; Vectra 2.0 8V 1997 > 2005; Vectra 2.2 8V 1997 > 2005; | J40: CR - Leve | K40: FORD | L40: 93271760 | M40: 87089990 | N40: 01.075.00 | O40: 1.478 | P40: 7898233430588 | Q40: 1
A41: AL-1030 | B41: 198.88204 | C41: ='Lista de Preço 02_2022'!$B41*0.9*0.9*0.9*0.9*0.9*0.97 -> 113.91472 | D41: ='Lista de Preço 02_2022'!$C41*1.1712 -> 133.41692 | E41: 3.25 | F41: 0.18 | G41: Leve | H41: HOMOCINETICA | I41: VOLKSWAGEN - Gol 1.0 10.1992/12.1996; | J41: PH - Leve | K41: VOLKSWAGEN | L41: 1571-569 | M41: 87089990 | N41: 01.075.00 | O41: 1.706 | P41: 7898233435385 | Q41: 1
A42: AL-1031 | B42: 195.38589 | C42: ='Lista de Preço 02_2022'!$B42*0.9*0.9*0.9*0.9*0.9*0.97 -> 111.91221 | D42: ='Lista de Preço 02_2022'!$C42*1.1712 -> 131.07158 | E42: 3.25 | F42: 0.18 | G42: Leve | H42: HOMOCINETICA | I42: FORD - Fiesta GII - s/ ABS 1999/2006; Ka 1.0 Zetec Rocam - s/ ABS 1999/2006; | J42: PH - Leve | K42: FORD | L42: 1721-1139 | M42: 87089990 | N42: 01.075.00 | O42: 1.696 | P42: 7898233435392 | Q42: 1
A43: AL-1032 | B43: 220.28977 | C43: ='Lista de Preço 02_2022'!$B43*0.9*0.9*0.9*0.9*0.9*0.97 -> 126.17654 | D43: ='Lista de Preço 02_2022'!$C43*1.1712 -> 147.77796 | E43: 3.25 | F43: 0.18 | G43: Leve | H43: HOMOCINETICA | I43: RENAULT - Space Van 2.2 1991/1999; Trafic 2.2 1991/1999; | J43: PH - Utilitario | K43: RENAULT | L43: 1231.259 | M43: 87089990 | N43: 01.075.00 | O43: 2.516 | P43: 7898233436160 | Q43: 1
A44: AL-1034 | B44: 226.1119 | C44: ='Lista de Preço 02_2022'!$B44*0.9*0.9*0.9*0.9*0.9*0.97 -> 129.51131 | D44: ='Lista de Preço 02_2022'!$C44*1.1712 -> 151.68365 | E44: 3.25 | F44: 0.18 | G44: Leve | H44: HOMOCINETICA | I44: HONDA - Civic 1.6 16V Autom. - s/ ABS 1997/2000; Civic 1.6 16V Mec. - s/ ABS 1997/2000; | J44: PH - Leve | K44: HONDA | L44: 1611.729 | M44: 87089990 | N44: 01.075.00 | O44: 2.242 | P44: 7898233436184 | Q44: 1
A45: AL-1035 | B45: 261.58702 | C45: ='Lista de Preço 02_2022'!$B45*0.9*0.9*0.9*0.9*0.9*0.97 -> 149.83058 | D45: ='Lista de Preço 02_2022'!$C45*1.1712 -> 175.48158 | E45: 3.25 | F45: 0.18 | G45: Leve | H45: HOMOCINETICA | I45: HONDA - Civic 1.6 16V Autom. - c/ ABS 1997/2002; Civic 1.6 16V Mec. - c/ ABS 1997/2002; | J45: PH - Leve | K45: HONDA | L45: 1611.729A | M45: 87089990 | N45: 01.075.00 | O45: 2.304 | P45: 7898233436191 | Q45: 1
A46: AL-1036 | B46: 226.89974 | C46: ='Lista de Preço 02_2022'!$B46*0.9*0.9*0.9*0.9*0.9*0.97 -> 129.96257 | D46: ='Lista de Preço 02_2022'!$C46*1.1712 -> 152.21216 | E46: 3.25 | F46: 0.18 | G46: Leve | H46: HOMOCINETICA | I46: AUDI - A3 1.6 8V - c/ ABS 1999/2008; A3 1.8 20V - Turbo (150cv) - c/ ABS e s/ABS 1999>2006; A3 1.8 20V (125cv) c/ ABS e s/ ABS 1999>2008; VOLKSWAGEN - Bora 2.0 - c/abs - s/abs 2000 > 2004; Golf 1.6 - c/ ABS 1999/2014; Golf 1.9 - TDI - 1.9 - c/abs - s/abs 1999>2005; Golf 2.0 8V - c/ ABS - s/ABS 1999/2014; Golf GTI 2.0 8V - c/ ABS - s/ ABS 1999/2014; Passat Alemão 2.0 16V - c/ ABS e s/ ABS 1988>1997; Passat Alemão 2.8 c/ ABS e s/ ABS 1988>1997; Variant 2.0 16V - c/ ABS e s/ ABS 1983>1997; Variant 2.8 - c/ ABS e s/ ABS 1988>1997; | J46: PH - Leve | K46: VOLKSWAGEN | L46: 1761289 | M46: 87089990 | N46: 01.075.00 | O46: 2.34 | P46: 7898233436207 | Q46: 1
A47: AL-1038 | B47: 212.92404 | C47: ='Lista de Preço 02_2022'!$B47*0.9*0.9*0.9*0.9*0.9*0.97 -> 121.95763 | D47: ='Lista de Preço 02_2022'!$C47*1.1712 -> 142.83677 | E47: 3.25 | F47: 0.18 | G47: Leve | H47: HOMOCINETICA | I47: RENAULT - Clio 1.6 16V - s/ ABS 2002/...; Clio 1.6 8V - s/ ABS 2002/...; | J47: PH - Leve | K47: RENAULT | L47: 1991.909 | M47: 87089990 | N47: 01.075.00 | O47: 1.804 | P47: 7898233436078 | Q47: 1
A48: AL-1039 | B48: 204.20817 | C48: ='Lista de Preço 02_2022'!$B48*0.9*0.9*0.9*0.9*0.9*0.97 -> 116.9654 | D48: ='Lista de Preço 02_2022'!$C48*1.1712 -> 136.98987 | E48: 3.25 | F48: 0.18 | G48: Leve | H48: HOMOCINETICA | I48: FIAT - Tempra 2.0 16V 1992/1999; Tempra 2.0 8V 1992/1999; Tipo 2.0 1994/1997; | J48: PH - Leve | K48: FIAT | L48: 153.549 | M48: 87089990 | N48: 01.075.00 | O48: 1.73 | P48: 7898233436221 | Q48: 1
A49: AL-1040 | B49: 269.85649 | C49: ='Lista de Preço 02_2022'!$B49*0.9*0.9*0.9*0.9*0.9*0.97 -> 154.56713 | D49: ='Lista de Preço 02_2022'!$C49*1.1712 -> 181.02903 | E49: 3.25 | F49: 0.18 | G49: Leve | H49: HOMOCINETICA | I49: FORD - Escort 1.3 1982/1992; Escort 1.6 1982/1992; Verona 1.6 1990/1992; | J49: PH - Leve | K49: FORD | L49: 263.279 | M49: 87089990 | N49: 01.075.00 | O49: 2.41 | P49: 7898233436238 | Q49: 1
A50: AL-1041 | B50: 292.62668 | C50: ='Lista de Preço 02_2022'!$B50*0.9*0.9*0.9*0.9*0.9*0.97 -> 167.60934 | D50: ='Lista de Preço 02_2022'!$C50*1.1712 -> 196.30405 | E50: 3.25 | F50: 0.18 | G50: Leve | H50: HOMOCINETICA | I50: CHEVROLET / GM - Astra 2.0 16V- s/ ABS 1999/2012; Ipanema 1.8 1989/1997; Kadett 1989/1997; Monza 1.6 c/ ABS 1992/1996; Monza 1.8 c/ ABS 1992/1996; Novo Vectra 2.4 16V - c/ ABS 2006/2010; Novo Vectra 2.4 16V - s/ ABS 2006/2010; Vectra 1.8/ 2.0 8V 1994/2006; Vectra 2.2 16V 1997/2006; Zafira 2.0 16V - c/ ABS 2001/...; Zafira 2.0 16V - s/ ABS 2001/...; | J50: PH - Leve | K50: CHEVROLET | L50: 163269 | M50: 87089990 | N50: 01.075.00 | O50: 2.756 | P50: 7898233436245 | Q50: 1
A51: AL-1042 | B51: 277.95219 | C51: ='Lista de Preço 02_2022'!$B51*0.9*0.9*0.9*0.9*0.9*0.97 -> 159.20415 | D51: ='Lista de Preço 02_2022'!$C51*1.1712 -> 186.4599 | E51: 3.25 | F51: 0.18 | G51: Leve | H51: HOMOCINETICA | I51: CHEVROLET / GM - Ipanema 2.0 Autom. 1989/1997; Ipanema 2.0 Mec. 1989/1997; Kadett Kadett 1993/1997; Monza 1.8 Autom. - c/ ABS 1993/1996; Monza 2.0 Autom. - s/ ABS 1985/1996; Monza Autom. - s/ ABS 1993/1996; Monza Mecan. - c/ ABS 1992/...; Monza s/ ABS 1985/1996; | J51: PH - Leve | K51: CHEVROLET | L51: 233.269 | M51: 87089990 | N51: 01.075.00 | O51: 2.652 | P51: 7898233436252 | Q51: 1
A52: AL-1043 | B52: 245.49292 | C52: ='Lista de Preço 02_2022'!$B52*0.9*0.9*0.9*0.9*0.9*0.97 -> 140.61228 | D52: ='Lista de Preço 02_2022'!$C52*1.1712 -> 164.6851 | E52: 3.25 | F52: 0.18 | G52: Leve | H52: HOMOCINETICA | I52: CHEVROLET / GM - Agile 1.4 8V 2009/...; Celta 1.0 8V - MPFI 2000/...; Celta 1.0 8V - VHC 2000/...; Celta 1.4 8V 2000/...; Corsa 1.0 1994/2003; Corsa 1.0 Classic 2004/2006; Corsa 1.4 1994/2003; Corsa 1.6 1994/2003; Corsa 1.6 VHC 2004/2006; Corsa Pick Up 1.6 8V 1995/2003; Corsa Sedan 1.0 1994/2003; Corsa Sedan 1.6 1994/2003; Corsa Wagon 1.0 1994/2003; Corsa Wagon 1.6 1994/2003; Novo Corsa 1.0 8V 2002/...; Novo Corsa 1.4 8V 2002/...; Prisma 1.4 8V - Flex 2007/...; | J52: PH - Leve | K52: CHEVROLET | L52: 356.509 | M52: 87089990 | N52: 01.075.00 | O52: 1.92 | P52: 7898233436269 | Q52: 1
A53: AL-1044 | B53: 189.08312 | C53: ='Lista de Preço 02_2022'!$B53*0.9*0.9*0.9*0.9*0.9*0.97 -> 108.30214 | D53: ='Lista de Preço 02_2022'!$C53*1.1712 -> 126.84347 | E53: 3.25 | F53: 0.18 | G53: Leve | H53: HOMOCINETICA | I53: VOLKSWAGEN - Gol 1.0 16V 1997/2001; Gol 1.0 8V 1997/2001; Gol 1.0 Power 1997/2006; Parati 1.0 16V 1997/2007; | J53: PH - Leve | K53: VOLKSWAGEN | L53: 143X 4 139 | M53: 87089990 | N53: 01.075.00 | O53: 1.45 | P53: 7898233436276 | Q53: 1
A54: AL-1045 | B54: 212.92404 | C54: ='Lista de Preço 02_2022'!$B54*0.9*0.9*0.9*0.9*0.9*0.97 -> 121.95763 | D54: ='Lista de Preço 02_2022'!$C54*1.1712 -> 142.83677 | E54: 3.25 | F54: 0.18 | G54: Leve | H54: HOMOCINETICA | I54: FORD - Escort 1.8 1992/2006; Escort 2.0 1992/2006; Royale 1.8 1992/1995; Royale 1.8 1992/2006; Royale 2.0 1992/1995; Royale 2.0 1992/2006; Verona 1.8 1993/1997; Verona 2.0 1993/1997; Versailles 1.8 1992/1995; Versailles 2.0 1992/1995; VOLKSWAGEN - Logus 1.8 1992/1996; Logus 2.0 1992/1996; Pointer 1.8 1993/1996; Pointer 2.0 1993/1996; Quantum 1.8 1993/2002; Quantum 2.0 1993/2002; Santana 1.8 1992/1995; Santana 2.0 1992/1995; | J54: PH - Leve | K54: FORD | L54: 273.319 | M54: 87089990 | N54: 01.075.00 | O54: 1.724 | P54: 7898233436283 | Q54: 1
A55: AL-1046 | B55: 213.54866 | C55: ='Lista de Preço 02_2022'!$B55*0.9*0.9*0.9*0.9*0.9*0.97 -> 122.3154 | D55: ='Lista de Preço 02_2022'!$C55*1.1712 -> 143.25579 | E55: 3.25 | F55: 0.18 | G55: Leve | H55: HOMOCINETICA | I55: SEAT - Cordoba 1.6/ 1.8 / 1.9 - S/ Abs 1993>1999; VOLKSWAGEN - Golf 1.8 8V Autom. - c/ ABS 1994/1998; Golf 1.8 8V Autom. - s/ ABS 1994/1998; Golf 1.8 8V Mec. - c/ ABS 1994/1998; Golf 1.8 8V Mec. - s/ ABS 1994/1998; Golf 2.0 8V Autom. - c/ ABS 1994/1998; Golf 2.0 8V Autom. - s/ ABS 1994/1998; Golf 2.0 8V Mec. - c/ ABS 1994/1998; Golf 2.0 8V Mec. - s/ ABS 1994/1998; Golf GTI 2.0 8V Autom. - c/ ABS 1994/1998; Golf GTI 2.0 8V Autom. - s/ ABS 1994/1998; Golf GTI 2.0 8V Mec. - c/ ABS 1994/1998; Golf GTI 2.0 8V Mec. - s/ ABS 1994/1998; Passat Alemão 2.0 16v Autom. - c/ ABS 1988/1997; Passat Alemão 2.0 16v Autom. - s/ ABS 1988/1997; Passat Alemão 2.0 16V Mec. - c/ ABS 1988/1997; Passat Alemão 2.0 16V Mec. - s/ ABS 1988/1997; Passat Alemão 2.8 16V Autom. - c/ ABS 1988/1997; Passat Alemão 2.8 16V Autom. - s/ ABS 1988/1997; Passat Alemão 2.8 16V Mec. - c/ ABS 1988/1997; Passat Alemão 2.8 16V Mec. - s/ ABS 1988/1997; Polo Classic 1.8 Autom. - c/ ABS 1997/2002; Polo Classic 1.8 Autom. - s/ ABS 1997/2002; Polo Classic 1.8 Mec. - c/ ABS 1997/2002; Polo Classic 1.8 Mec. - s/ ABS 1997/2002; Variant 2.0 16v Autom. - c/ ABS 1988/1997; Variant 2.0 16v Autom. - s/ ABS 1988/1997; Variant 2.0 16V Mec. - c/ ABS 1988/1997; Variant 2.0 16V Mec. - s/ ABS 1988/1997; Variant 2.8 16V Autom. - c/ ABS 1988/1997; Variant 2.8 16V Autom. - s/ ABS 1988/1997; Variant 2.8 16V Mec. - c/ ABS 1988/1997; Variant 2.8 16V Mec. - s/ ABS 1988/1997; | J55: PH - Leve | K55: VOLKSWAGEN | L55: 302262 | M55: 87089990 | N55: 01.075.00 | O55: 1.794 | P55: 7898233436290 | Q55: 1
A56: AL-1047 | B56: 209.18348 | C56: ='Lista de Preço 02_2022'!$B56*0.9*0.9*0.9*0.9*0.9*0.97 -> 119.81513 | D56: ='Lista de Preço 02_2022'!$C56*1.1712 -> 140.32748 | E56: 3.25 | F56: 0.18 | G56: Leve | H56: HOMOCINETICA | I56: AUDI - A3 1.6 8V - s/ ABS 1999 > 2011; A3 1.8 20V (Motor 125cv) - s/ABS 1999 > 2011; VOLKSWAGEN - Golf 1.6 8V 1999/2009; Golf 1.9 - Diesel 1999/2005; Golf 2.0 8V 1999/2009; Golf GTI 2.0 8V - c/ ABS 1999/2009; Golf GTI 2.0 8V - s/ ABS 1999/2009; Golf TDI 1.9 - Diesel 1999/2005; | J56: PH - Leve | K56: VOLKSWAGEN | L56: 553.819 | M56: 87089990 | N56: 01.075.00 | O56: 1.79 | P56: 7898233436306 | Q56: 1
A57: AL-1048 | B57: 198.53728 | C57: ='Lista de Preço 02_2022'!$B57*0.9*0.9*0.9*0.9*0.9*0.97 -> 113.71725 | D57: ='Lista de Preço 02_2022'!$C57*1.1712 -> 133.18564 | E57: 3.25 | F57: 0.18 | G57: Leve | H57: HOMOCINETICA | I57: FIAT - 128 1976/1984; 147 1.3 1976/1986; 147 1050 1976/1986; Premio 1.3 1983/1985; Spazio 1983/1984; Uno 1.3 8V 1984/1996; Uno 1050 1984/1996; | J57: PH - Leve | K57: FIAT | L57: 481.339 | M57: 87089990 | N57: 01.075.00 | O57: 1.802 | P57: 7898233436313 | Q57: 1
A58: AL-1049 | B58: 199.17979 | C58: ='Lista de Preço 02_2022'!$B58*0.9*0.9*0.9*0.9*0.9*0.97 -> 114.08527 | D58: ='Lista de Preço 02_2022'!$C58*1.1712 -> 133.61666 | E58: 3.25 | F58: 0.18 | G58: Leve | H58: HOMOCINETICA | I58: FIAT - Tipo 1.6 1994/1997; | J58: PH - Leve | K58: FIAT | L58: 1451.599 | M58: 87089990 | N58: 01.075.00 | O58: 1.772 | P58: 7898233436320 | Q58: 1
A59: AL-105 | B59: 3.5055181 | C59: ='Lista de Preço 02_2022'!$B59*0.9*0.9*0.9*0.9*0.9*0.97 -> 2.0078742 | D59: ='Lista de Preço 02_2022'!$C59*1.1712 -> 2.3516222 | E59: 3.25 | F59: 0.18 | G59: Leve | H59: CARROCERIA | I59: CHEVROLET / GM - Opala Todos Todos; | J59: Diversos - Leve | K59: CHEVROLET | L59: 11052751 | M59: 87089990 | N59: 01.075.00 | O59: 0.008 | P59: 7898233430601 | Q59: 10
A60: AL-1050 | B60: 214.01682 | C60: ='Lista de Preço 02_2022'!$B60*0.9*0.9*0.9*0.9*0.9*0.97 -> 122.58355 | D60: ='Lista de Preço 02_2022'!$C60*1.1712 -> 143.56985 | E60: 3.25 | F60: 0.18 | G60: Leve | H60: HOMOCINETICA | I60: FIAT - Brava 1.6 16V 1999/2002; Marea 1.6 16V (Exceto Turbo) - s/ABS 2006/2009; | J60: PH - Leve | K60: FIAT | L60: 2041.669 | M60: 87089990 | N60: 01.075.00 | O60: 2.016 | P60: 7898233436337 | Q60: 1
A61: AL-1051 | B61: 221.80477 | C61: ='Lista de Preço 02_2022'!$B61*0.9*0.9*0.9*0.9*0.9*0.97 -> 127.04429 | D61: ='Lista de Preço 02_2022'!$C61*1.1712 -> 148.79428 | E61: 3.25 | F61: 0.18 | G61: Leve | H61: HOMOCINETICA | I61: FIAT - Brava 1.8 16v 10.1999/2002; Marea 1.6 16V 2006/2007; Marea 1.8 16V 1998/2004; Marea Weekend 1.8 16V (Exceto Turbo) 1998/2006; | J61: PH - Leve | K61: FIAT | L61: 2281.769 | M61: 87089990 | N61: 01.075.00 | O61: 2.172 | P61: 7898233436344 | Q61: 1
A62: AL-1052 | B62: 207.99143 | C62: ='Lista de Preço 02_2022'!$B62*0.9*0.9*0.9*0.9*0.9*0.97 -> 119.13236 | D62: ='Lista de Preço 02_2022'!$C62*1.1712 -> 139.52781 | E62: 3.25 | F62: 0.18 | G62: Leve | H62: HOMOCINETICA | I62: FIAT - Grand Siena 1.6 16V - E.Torq 2012/...; Linea 1.8 16V - E.Torq 2011/...; Novo Palio Novo Palio 2012/...; Punto 1.6 16V - E.Torq 2011/...; Punto 1.8 16V - E.Torq 2011/...; Stilo 1.8 - 8V/16V - s/ ABS 2002/2010; | J62: PH - Leve | K62: FIAT | L62: 24511449 | M62: 87089990 | N62: 01.075.00 | O62: 2.158 | P62: 7898233436351 | Q62: 1
A63: AL-1053 | B63: 223.48574 | C63: ='Lista de Preço 02_2022'!$B63*0.9*0.9*0.9*0.9*0.9*0.97 -> 128.00711 | D63: ='Lista de Preço 02_2022'!$C63*1.1712 -> 149.92193 | E63: 3.25 | F63: 0.18 | G63: Leve | H63: HOMOCINETICA | I63: FORD - Escort 1.6 1992/1996; VOLKSWAGEN - Logus 1.6 - s/ ABS 1993/1996; | J63: PH - Leve | K63: FORD | L63: 1161.279 | M63: 87089990 | N63: 01.075.00 | O63: 2.074 | P63: 7898233436368 | Q63: 1
A64: AL-1055 | B64: 225.00891 | C64: ='Lista de Preço 02_2022'!$B64*0.9*0.9*0.9*0.9*0.9*0.97 -> 128.87955 | D64: ='Lista de Preço 02_2022'!$C64*1.1712 -> 150.94373 | E64: 3.25 | F64: 0.18 | G64: Leve | H64: HOMOCINETICA | I64: CHEVROLET / GM - Astra 1.8 1999/2006; Astra 2.0 16V 1999/2006; Astra 2.0 8V 1999/2006; Novo Vectra 2.0 8V - c/ ABS 2001/...; Novo Vectra 2.0 8V - s/ ABS 2001/...; Novo Vectra 2.4 16V - c/ ABS 2001/...; Novo Vectra 2.4 16V - s/ ABS 2001/...; Zafira 2.0 16V - c/ ABS 2001/...; Zafira 2.0 16V - s/ ABS 2001/...; Zafira 2.0 8V - c/ ABS 2001/...; Zafira 2.0 8V - s/ ABS 2001/...; | J64: PH - Leve | K64: CHEVROLET | L64: 1701 779 | M64: 87089990 | N64: 01.075.00 | O64: 2.332 | P64: 7898233436382 | Q64: 1
A65: AL-1056 | B65: 164.00905 | C65: ='Lista de Preço 02_2022'!$B65*0.9*0.9*0.9*0.9*0.9*0.97 -> 93.940336 | D65: ='Lista de Preço 02_2022'!$C65*1.1712 -> 110.02292 | E65: 3.25 | F65: 0.18 | G65: Leve | H65: HOMOCINETICA | I65: VOLKSWAGEN - Gol 1.0 8V Power 1997/2008; Gol 1.0 16V Power 1997/2008; Parati 1.0 16V - s/ ABS 1997/2007; | J65: PH - Leve | K65: VOLKSWAGEN | L65: 1601 569A | M65: 87089990 | N65: 01.075.00 | O65: 1.746 | P65: 7898233436399 | Q65: 1
A66: AL-1058 | B66: 235.21653 | C66: ='Lista de Preço 02_2022'!$B66*0.9*0.9*0.9*0.9*0.9*0.97 -> 134.72622 | D66: ='Lista de Preço 02_2022'!$C66*1.1712 -> 157.79135 | E66: 3.25 | F66: 0.18 | G66: Leve | H66: HOMOCINETICA | I66: FORD - Royale 1.8 Autom. - c/ ABS 1992/1996; Royale 1.8 Mec. - c/ ABS 1992/1996; Royale 2.0 Autom. - c/ ABS 1992/1996; Royale 2.0 Mec. - c/ ABS 1992/1996; Versailles 1.8 Autom. - c/ ABS 1992/1996; Versailles 1.8 Mec. - c/ ABS 1992/1996; Versailles 2.0 Autom. - c/ ABS 1992/1996; Versailles 2.0 Mec. - c/ ABS 1992/1996; VOLKSWAGEN - Gol 1.0 Turbo - c/ ABS e s/ABS 2000>2006; Gol 2.0 8V - c/ ABS 1994/2006; Parati 1.0 Turbo - c/ ABS e s/ ABS 2000>2006; Parati 2.0 8V - c/ ABS 1994/2006; Quantum 1.8 8V Autom. - c/ ABS 1992/2002; Quantum 1.8 8V Mec. - c/ ABS 1992/2002; Quantum 2.0 8V Autom. - c/ ABS 1992/2002; Quantum 2.0 8V Mec. - c/ ABS 1992/2002; Santana 1.8 Autom. - c/ ABS 1992/2006; Santana 1.8 Mec. - c/ ABS 1992/2006; Santana 2.0 Autom. - c/ ABS 1992/2006; Santana 2.0 Mec. - c/ ABS 1992/2006; | J66: PH - Leve | K66: FORD | L66: 1381589 | M66: 87089990 | N66: 01.075.00 | O66: 2.204 | P66: 7898233436412 | Q66: 1
A67: AL-1059 | B67: 211.7731 | C67: ='Lista de Preço 02_2022'!$B67*0.9*0.9*0.9*0.9*0.9*0.97 -> 121.2984 | D67: ='Lista de Preço 02_2022'!$C67*1.1712 -> 142.06468 | E67: 3.25 | F67: 0.18 | G67: Leve | H67: HOMOCINETICA | I67: SEAT - Cordoba 2.0 8V - c/ ABS 1994/1998; Cordoba 2.0 8V - s/ ABS 1994/1998; Ibiza 2.0 8V - c/ ABS 1994/1998; Ibiza 2.0 8V - s/ ABS 1994/1998; VOLKSWAGEN - Golf 1.8 8V 1994/1998; Golf 2.0 8V 1994/1998; Golf GTI 2.0 8V - c/ ABS 1994/1998; Golf GTI 2.0 8V - s/ ABS 1994/1998; Polo Classic 1.8 1997/2002; | J67: PH - Leve | K67: VOLKSWAGEN | L67: 1851.017 | M67: 87089990 | N67: 01.075.00 | O67: 2.234 | P67: 7898233436429 | Q67: 1
A68: AL-106 | B68: 3.5055181 | C68: ='Lista de Preço 02_2022'!$B68*0.9*0.9*0.9*0.9*0.9*0.97 -> 2.0078742 | D68: ='Lista de Preço 02_2022'!$C68*1.1712 -> 2.3516222 | E68: 3.25 | F68: 0.18 | G68: Leve | H68: CARROCERIA | I68: CHEVROLET / GM - Chevette Todos Todos; | J68: Diversos - Leve | K68: CHEVROLET | L68: 11052751 | M68: 87089990 | N68: 01.075.00 | O68: 0.008 | P68: 7898233430618 | Q68: 10
A69: AL-1060 | B69: 233.0655 | C69: ='Lista de Preço 02_2022'!$B69*0.9*0.9*0.9*0.9*0.9*0.97 -> 133.49416 | D69: ='Lista de Preço 02_2022'!$C69*1.1712 -> 156.34836 | E69: 3.25 | F69: 0.18 | G69: Leve | H69: HOMOCINETICA | I69: RENAULT - Megane 2.0 16V - c/ ABS 2001/...; Scenic 2.0 16V - c/ ABS 2001/...; | J69: PH - Leve | K69: RENAULT | L69: 2061.779 | M69: 87089990 | N69: 01.075.00 | O69: 2.196 | P69: 7898233436085 | Q69: 1
A70: AL-1061 | B70: 473.18782 | C70: ='Lista de Preço 02_2022'!$B70*0.9*0.9*0.9*0.9*0.9*0.97 -> 271.03029 | D70: ='Lista de Preço 02_2022'!$C70*1.1712 -> 317.43068 | E70: 3.25 | F70: 0.18 | G70: Leve | H70: SEMI EIXO | I70: VOLKSWAGEN - Gol 1.0 16V Power 1997/...; Gol 1.0 8V Power 1997/...; Gol G IV - 1.0 16V MI 2005/2006; Gol G IV - 1.0 8V MI 2005/2006; Parati 1.0 16V 1997/...; | J70: SE - Leve | K70: VOLKSWAGEN | L70: 952 042HD | M70: 87089990 | N70: 01.075.00 | O70: 4.972 | P70: 7898233436436 | Q70: 1
A71: AL-1062 | B71: 486.16566 | C71: ='Lista de Preço 02_2022'!$B71*0.9*0.9*0.9*0.9*0.9*0.97 -> 278.46368 | D71: ='Lista de Preço 02_2022'!$C71*1.1712 -> 326.13666 | E71: 3.25 | F71: 0.18 | G71: Leve | H71: SEMI EIXO | I71: VOLKSWAGEN - Gol 1.0 16V Power 1997/...; Gol 1.0 8V Power 1997/...; Gol G IV - 1.0 16V MI 2005/2006; Gol G IV - 1.0 8V MI 2005/2006; Parati 1.0 16V 1997/...; Polo Classic 1.8 - c/ ABS 1997/2002; Polo Classic 1.8 - s/ ABS 1997/2002; | J71: SE - Leve | K71: VOLKSWAGEN | L71: 952 043HD | M71: 87089990 | N71: 01.075.00 | O71: 5.766 | P71: 7898233436443 | Q71: 1
A72: AL-1063 | B72: 235.65512 | C72: ='Lista de Preço 02_2022'!$B72*0.9*0.9*0.9*0.9*0.9*0.97 -> 134.97743 | D72: ='Lista de Preço 02_2022'!$C72*1.1712 -> 158.08557 | E72: 3.25 | F72: 0.18 | G72: Leve | H72: HOMOCINETICA | I72: CITROEN - Jumper 2.5 - Aro 15 - c/ ABS <2009; Jumper 2.8 - Aro 15 - c/ ABS <2009; FIAT - Ducato 2.5 - Aro 15 c/ABS 1994>2009; Ducato 2.8 - Aro 15 c/ABS 1994>2009; PEUGEOT - Boxer 2.5 - Aro 15 c/ ABS <2009; Boxer 2.8 - Aro 15 c/ ABS <2009; | J72: PH - Utilitario | K72: FIAT | L72: 2931-1549 | M72: 87089990 | N72: 01.075.00 | O72: 3.182 | P72: 7898233436450 | Q72: 1
A73: AL-1064 | B73: 329.82673 | C73: ='Lista de Preço 02_2022'!$B73*0.9*0.9*0.9*0.9*0.9*0.97 -> 188.9166 | D73: ='Lista de Preço 02_2022'!$C73*1.1712 -> 221.25913 | E73: 3.25 | F73: 0.18 | G73: Leve | H73: HOMOCINETICA | I73: CITROEN - Jumper Aro 16 - c/ ABS 1998>2009; FIAT - Ducato Maxi 2.8 8V - Aro 16 c/ABS 1994 < 2009; Ducato Maxicargo 2.8 8V - Aro 16 c/ABS 1994 < 2009; PEUGEOT - Boxer 2.8 Aro 16 c/ ABS 1998>2009; | J73: PH - Utilitario | K73: FIAT | L73: 9567582280 | M73: 87089990 | N73: 01.075.00 | O73: 4.674 | P73: 7898233436467 | Q73: 1
A74: AL-1065 | B74: 271.33428 | C74: ='Lista de Preço 02_2022'!$B74*0.9*0.9*0.9*0.9*0.9*0.97 -> 155.41357 | D74: ='Lista de Preço 02_2022'!$C74*1.1712 -> 182.02038 | E74: 3.25 | F74: 0.18 | G74: Leve | H74: HOMOCINETICA | I74: TOYOTA - Hilux SW4 3.0 Turbo Diesel 2001/12.2004; | J74: PH - Pickup | K74: TOYOTA | L74: HILUX/SW4-3.0 | M74: 87089990 | N74: 01.075.00 | O74: 3.256 | P74: 7898233436474 | Q74: 1
A75: AL-1066 | B75: 252.37344 | C75: ='Lista de Preço 02_2022'!$B75*0.9*0.9*0.9*0.9*0.9*0.97 -> 144.55327 | D75: ='Lista de Preço 02_2022'!$C75*1.1712 -> 169.3008 | E75: 3.25 | F75: 0.18 | G75: Leve | H75: HOMOCINETICA | I75: VOLKSWAGEN - Golf 1.8 8V Autom. - c/ ABS 1994/1998; Golf 1.8 8V Autom. - s/ ABS 1994/1998; Golf 1.8 8V Mec. - c/ ABS 1994/1998; Golf 1.8 8V Mec. - s/ ABS 1994/1998; Golf 2.0 8V Autom. - c/ ABS 1994/1998; Golf 2.0 8V Autom. - s/ ABS 1994/1998; Golf 2.0 8V Mec. - c/ ABS 1994/1998; Golf 2.0 8V Mec. - s/ ABS 1994/1998; Golf GTI 2.0 8V Autom. - c/ ABS 1994/1998; Golf GTI 2.0 8V Autom. - s/ ABS 1994/1998; Golf GTI 2.0 8V Mec. - c/ ABS 1994/1998; Golf GTI 2.0 8V Mec. - s/ ABS 1994/1998; Passat Alemão 2.0 16v Autom. - c/ ABS 1988/1997; Passat Alemão 2.0 16v Autom. - s/ ABS 1988/1997; Passat Alemão 2.0 16V Mec. - c/ ABS 1988/1997; Passat Alemão 2.0 16V Mec. - s/ ABS 1988/1997; Passat Alemão 2.8 16V Autom. - c/ ABS 1988/1997; Passat Alemão 2.8 16V Autom. - s/ ABS 1988/1997; Passat Alemão 2.8 16V Mec. - c/ ABS 1988/1997; Passat Alemão 2.8 16V Mec. - s/ ABS 1988/1997; Polo Classic 1.8 Autom. - c/ ABS 1997/2002; Polo Classic 1.8 Autom. - s/ ABS 1997/2002; Polo Classic 1.8 Mec. - c/ ABS 1997/2002; Polo Classic 1.8 Mec. - s/ ABS 1997/2002; Variant 2.0 16v Autom. - c/ ABS 1988/1997; Variant 2.0 16v Autom. - s/ ABS 1988/1997; Variant 2.0 16V Mec. - c/ ABS 1988/1997; Variant 2.0 16V Mec. - s/ ABS 1988/1997; Variant 2.8 16V Autom. - c/ ABS 1988/1997; Variant 2.8 16V Autom. - s/ ABS 1988/1997; Variant 2.8 16V Mec. - c/ ABS 1988/1997; Variant 2.8 16V Mec. - s/ ABS 1988/1997; | J75: PH - Leve | K75: VOLKSWAGEN | L75: 603.027 | M75: 87089990 | N75: 01.075.00 | O75: 1.826 | P75: 7898233436481 | Q75: 1
A76: AL-1068 | B76: 195.26883 | C76: ='Lista de Preço 02_2022'!$B76*0.9*0.9*0.9*0.9*0.9*0.97 -> 111.84516 | D76: ='Lista de Preço 02_2022'!$C76*1.1712 -> 130.99305 | E76: 3.25 | F76: 0.18 | G76: Leve | H76: HOMOCINETICA | I76: CHEVROLET / GM - Omega 2.0 - s/ABS 1993/1999; Omega 2.2 - s/ ABS 1993/1999; Suprema 2.0 - s/ ABS 1993/1999; Suprema 2.2 - s/ ABS 1993/1999; | J76: PH - Leve | K76: CHEVROLET | L76: 303.469 | M76: 87089990 | N76: 01.075.00 | O76: 1.546 | P76: 7898233436504 | Q76: 1
A77: AL-107 | B77: 174.98392 | C77: ='Lista de Preço 02_2022'!$B77*0.9*0.9*0.9*0.9*0.9*0.97 -> 100.22647 | D77: ='Lista de Preço 02_2022'!$C77*1.1627 -> 116.53332 | E77: 2.6 | F77: 0.18 | G77: Pesada | H77: EMBREAGEM | I77: CHEVROLET / GM - A 1985/1997; A10 1964/1984; A14 1985/1989; A20 1964/1984; C 1985/1997; C10 1964/1984; C14 1985/1989; C20 1964/1984; D 1985/1997; D10 1964/1984; D20 1964/1984; | J77: LP - Pickup | K77: CHEVROLET | L77: 93291219 | M77: 87089300 | N77: 01.075.00 | O77: 0.938 | P77: 7898233430625 | Q77: 1
A78: AL-1071 | B78: 238.24473 | C78: ='Lista de Preço 02_2022'!$B78*0.9*0.9*0.9*0.9*0.9*0.97 -> 136.4607 | D78: ='Lista de Preço 02_2022'!$C78*1.1712 -> 159.82277 | E78: 3.25 | F78: 0.18 | G78: Leve | H78: HOMOCINETICA | I78: RENAULT - Megane 1.6 16V - c/ ABS 2001/...; Scenic 1.6 16V - c/ ABS 2001/...; | J78: PH - Leve | K78: RENAULT | L78: 2021.909 | M78: 87089990 | N78: 01.075.00 | O78: 1.914 | P78: 7898233436092 | Q78: 1
A79: AL-1072 | B79: 878.88661 | C79: ='Lista de Preço 02_2022'!$B79*0.9*0.9*0.9*0.9*0.9*0.97 -> 503.40454 | D79: ='Lista de Preço 02_2022'!$C79*1.1712 -> 589.5874 | E79: 3.25 | F79: 0.18 | G79: Leve | H79: SEMI EIXO | I79: RENAULT - Master 2.8 - c/ ABS < 2004; | J79: SE - Utilitario | K79: RENAULT | L79: 8200169231 | M79: 87089990 | N79: 01.075.00 | O79: 11.72 | P79: 7898233436108 | Q79: 1
A80: AL-1073 | B80: 378.55674 | C80: ='Lista de Preço 02_2022'!$B80*0.9*0.9*0.9*0.9*0.9*0.97 -> 216.82795 | D80: ='Lista de Preço 02_2022'!$C80*1.1712 -> 253.94889 | E80: 3.25 | F80: 0.18 | G80: Leve | H80: HOMOCINETICA | I80: CITROEN - Jumper 2.3 - aro 16 c/ ABS 2009>2010; FIAT - Ducato 2.3 - aro 16 - c/ ABS 2009>2010; PEUGEOT - Boxer 2.3 - aro 16 - c/ ABS 2009>2010; | J80: PH - Utilitario | K80: FIAT | L80: 7.087.161 | M80: 87089990 | N80: 01.075.00 | O80: 4.418 | P80: 7898233439314 | Q80: 1
A81: AL-1074 | B81: 695.15679 | C81: ='Lista de Preço 02_2022'!$B81*0.9*0.9*0.9*0.9*0.9*0.97 -> 398.16864 | D81: ='Lista de Preço 02_2022'!$C81*1.1712 -> 466.33511 | E81: 3.25 | F81: 0.18 | G81: Leve | H81: SEMI EIXO | I81: RENAULT - Master 2.8 - c/ ABS .../2004; | J81: SE - Utilitario | K81: RENAULT | L81: 8200485576 | M81: 87089990 | N81: 01.075.00 | O81: 7.74 | P81: 7898233436115 | Q81: 1
A82: AL-1075 | B82: 724.15531 | C82: ='Lista de Preço 02_2022'!$B82*0.9*0.9*0.9*0.9*0.9*0.97 -> 414.77827 | D82: ='Lista de Preço 02_2022'!$C82*1.1712 -> 485.78831 | E82: 3.25 | F82: 0.18 | G82: Leve | H82: SEMI EIXO | I82: FORD - Explorer 04.05.98 > 2000; Ranger 1999 > 24.03.2003; | J82: SE - Pickup | K82: FORD | L82: F57Z 3B436 BA | M82: 87089990 | N82: 01.075.00 | O82: 7.08 | P82: 7898233436009 | Q82: 1
A83: AL-1076 | B83: 733.63138 | C83: ='Lista de Preço 02_2022'!$B83*0.9*0.9*0.9*0.9*0.9*0.97 -> 420.20593 | D83: ='Lista de Preço 02_2022'!$C83*1.1712 -> 492.14519 | E83: 3.25 | F83: 0.18 | G83: Leve | H83: SEMI EIXO | I83: FORD - Explorer 04.05.98 > 2000; Ranger 1999 > 24.03.2003; | J83: SE - Pickup | K83: FORD | L83: F57Z 3B437 BA | M83: 87089990 | N83: 01.075.00 | O83: 7.84 | P83: 7898233436016 | Q83: 1
A84: AL-1077 | B84: 401.72419 | C84: ='Lista de Preço 02_2022'!$B84*0.9*0.9*0.9*0.9*0.9*0.97 -> 230.0977 | D84: ='Lista de Preço 02_2022'!$C84*1.1712 -> 269.49042 | E84: 3.25 | F84: 0.18 | G84: Leve | H84: SEMI EIXO | I84: CHRYSLER - Grand Cherokee 4.7 - c/ ABS ; JEEP - Cherokee 4.7 - c/ ABS ; | J84: SE - Suv | K84: JEEP | L84: CHEROKEE | M84: 87089990 | N84: 01.075.00 | O84: 5.9 | P84: 7898233436542 | Q84: 1
A85: AL-1078 | B85: 446.62278 | C85: ='Lista de Preço 02_2022'!$B85*0.9*0.9*0.9*0.9*0.9*0.97 -> 255.8145 | D85: ='Lista de Preço 02_2022'!$C85*1.1712 -> 299.60994 | E85: 3.25 | F85: 0.18 | G85: Leve | H85: SEMI EIXO | I85: CHRYSLER - Grand Cherokee 4.7 - c/ ABS ; JEEP - Cherokee 4.7 - c/ ABS ; | J85: SE - Suv | K85: JEEP | L85: CHEROKEE | M85: 87089990 | N85: 01.075.00 | O85: 8.72 | P85: 7898233436559 | Q85: 1
A86: AL-1079 | B86: 786.95312 | C86: ='Lista de Preço 02_2022'!$B86*0.9*0.9*0.9*0.9*0.9*0.97 -> 450.74731 | D86: ='Lista de Preço 02_2022'!$C86*1.1712 -> 527.91525 | E86: 3.25 | F86: 0.18 | G86: Leve | H86: SEMI EIXO | I86: MITSUBISHI - L200 2.5 4x4 - Quadrada 1994/2005; | J86: SE - Pickup | K86: MITSUBISHI | L86: MB-526.271 | M86: 87089990 | N86: 01.075.00 | O86: 6.86 | P86: 7898233436047 | Q86: 1
A87: AL-108 | B87: 258.85318 | C87: ='Lista de Preço 02_2022'!$B87*0.9*0.9*0.9*0.9*0.9*0.97 -> 148.26471 | D87: ='Lista de Preço 02_2022'!$C87*1.1712 -> 173.64762 | E87: 3.25 | F87: 0.18 | G87: Leve | H87: PONTA DE EIXO | I87: CHEVROLET / GM - Omega GL 2.0 Álcool ; Omega GL 2.0 Gasolina ; Omega GL 2.2 Gasolina ; Omega GLS 2.0 Álcool ; Omega GLS 2.0 Gasolina ; Omega GLS 2.2 Gasolina ; | J87: PE - Leve | K87: CHEVROLET | L87: 902503 | M87: 87089990 | N87: 01.075.00 | O87: 2.784 | P87: 7898233432865 | Q87: 1
A88: AL-1080 | B88: 785.21107 | C88: ='Lista de Preço 02_2022'!$B88*0.9*0.9*0.9*0.9*0.9*0.97 -> 449.74951 | D88: ='Lista de Preço 02_2022'!$C88*1.1712 -> 526.74662 | E88: 3.25 | F88: 0.18 | G88: Leve | H88: SEMI EIXO | I88: MITSUBISHI - L200 2.5 - 4x4 Sport - Outdoor - (bolinha) 2003/2011; Pajero Sport 2.5 2001>2010; Pajero Sport 2.8 2001>2010; | J88: SE - Pickup | K88: MITSUBISHI | L88: CA-260.010 | M88: 87089990 | N88: 01.075.00 | O88: 6.94 | P88: 7898233436054 | Q88: 1
A89: AL-1081 | B89: 791.68058 | C89: ='Lista de Preço 02_2022'!$B89*0.9*0.9*0.9*0.9*0.9*0.97 -> 453.45508 | D89: ='Lista de Preço 02_2022'!$C89*1.1712 -> 531.08659 | E89: 3.25 | F89: 0.18 | G89: Leve | H89: SEMI EIXO | I89: TOYOTA - Hilux SRV Turbo Diesel 2006/...; Hilux SW 3.0 Turbo Diesel 2005/...; Hilux SW4 2.5 Turbo Diesel 2005/...; | J89: SE - Pickup | K89: TOYOTA | L89: 43430 OK040 | M89: 87089990 | N89: 01.075.00 | O89: 10.68 | P89: 7898233436153 | Q89: 1
A90: AL-1082 | B90: 776.94689 | C90: ='Lista de Preço 02_2022'!$B90*0.9*0.9*0.9*0.9*0.9*0.97 -> 445.01599 | D90: ='Lista de Preço 02_2022'!$C90*1.1712 -> 521.20273 | E90: 3.25 | F90: 0.18 | G90: Leve | H90: SEMI EIXO | I90: NISSAN - Frontier 2002/2007; | J90: SE - Pickup | K90: NISSAN | L90: FRONTIER | M90: 87089990 | N90: 01.075.00 | O90: 8.24 | P90: 7898233436061 | Q90: 1
A91: AL-1083 | B91: 690.72358 | C91: ='Lista de Preço 02_2022'!$B91*0.9*0.9*0.9*0.9*0.9*0.97 -> 395.62941 | D91: ='Lista de Preço 02_2022'!$C91*1.1712 -> 463.36116 | E91: 3.25 | F91: 0.18 | G91: Leve | H91: SEMI EIXO | I91: CHEVROLET / GM - Blazer 4x4 1998/2011; S10 4x4 1998/2011; | J91: SE - Pickup | K91: CHEVROLET | L91: 26055048 | M91: 87089990 | N91: 01.075.00 | O91: 7.02 | P91: 7898233436023 | Q91: 1
A92: AL-1084 | B92: 725.25976 | C92: ='Lista de Preço 02_2022'!$B92*0.9*0.9*0.9*0.9*0.9*0.97 -> 415.41088 | D92: ='Lista de Preço 02_2022'!$C92*1.1712 -> 486.52922 | E92: 3.25 | F92: 0.18 | G92: Leve | H92: SEMI EIXO | I92: CHEVROLET / GM - Blazer 4x4 1998/2011; S10 4x4 1998/2011; | J92: SE - Pickup | K92: CHEVROLET | L92: 26055052 | M92: 87089990 | N92: 01.075.00 | O92: 7.54 | P92: 7898233436030 | Q92: 1
A93: AL-1085 | B93: 760.94878 | C93: ='Lista de Preço 02_2022'!$B93*0.9*0.9*0.9*0.9*0.9*0.97 -> 435.85266 | D93: ='Lista de Preço 02_2022'!$C93*1.1712 -> 510.47064 | E93: 3.25 | F93: 0.18 | G93: Pesada | H93: SEMI EIXO | I93: MERCEDES BENZ - MB 180 1993>1996; | J93: LP - Utilitario | K93: MERCEDES | L93: MB 180 | M93: 87089990 | N93: 01.075.00 | O93: 9.26 | P93: 7898233436566 | Q93: 1
A94: AL-1086 | B94: 586.04471 | C94: ='Lista de Preço 02_2022'!$B94*0.9*0.9*0.9*0.9*0.9*0.97 -> 335.67193 | D94: ='Lista de Preço 02_2022'!$C94*1.1712 -> 393.13897 | E94: 3.25 | F94: 0.18 | G94: Leve | H94: SEMI EIXO | I94: FORD - Explorer 4x4 - Roda Livre <2000; Ranger 4x4 - Roda Livre <2000; | J94: SE - Pickup | K94: FORD | L94: F8TZ 3B436 AB | M94: 87089990 | N94: 01.075.00 | O94: 7.06 | P94: 7898233436122 | Q94: 1
A95: AL-1087 | B95: 603.62605 | C95: ='Lista de Preço 02_2022'!$B95*0.9*0.9*0.9*0.9*0.9*0.97 -> 345.74209 | D95: ='Lista de Preço 02_2022'!$C95*1.1712 -> 404.93314 | E95: 3.25 | F95: 0.18 | G95: Leve | H95: SEMI EIXO | I95: FORD - Explorer 4x4 - Roda Livre <2000; Ranger 4x4 - Roda Livre <2000; | J95: SE - Pickup | K95: FORD | L95: F87Z 3B437 AB | M95: 87089990 | N95: 01.075.00 | O95: 7.6 | P95: 7898233436139 | Q95: 1
A96: AL-1088 | B96: 210.33442 | C96: ='Lista de Preço 02_2022'!$B96*0.9*0.9*0.9*0.9*0.9*0.97 -> 120.47436 | D96: ='Lista de Preço 02_2022'!$C96*1.1712 -> 141.09957 | E96: 3.25 | F96: 0.18 | G96: Leve | H96: HOMOCINETICA | I96: HONDA - Fit Automático - 1.4/8V - 1.5/16V .../2008; Fit Mecânico - 1.4/8V - 1.5/16V .../2008; | J96: PH - Leve | K96: HONDA | L96: 1621-1549 | M96: 87089990 | N96: 01.075.00 | O96: 2.088 | P96: 7898233436146 | Q96: 1
A97: AL-109 | B97: 217.28551 | C97: ='Lista de Preço 02_2022'!$B97*0.9*0.9*0.9*0.9*0.9*0.97 -> 124.45578 | D97: ='Lista de Preço 02_2022'!$C97*1.1712 -> 145.7626 | E97: 3.25 | F97: 0.18 | G97: Leve | H97: PONTA DE EIXO | I97: CHEVROLET / GM - Omega 2.2 GLS Álcool ; Omega 3.0 CD ; Omega 4.1 CD ; | J97: PE - Leve | K97: CHEVROLET | L97: 90235029 | M97: 87089990 | N97: 01.075.00 | O97: 2.876 | P97: 7898233432872 | Q97: 1
A98: AL-1092 | B98: 218.391 | C98: ='Lista de Preço 02_2022'!$B98*0.9*0.9*0.9*0.9*0.9*0.97 -> 125.08897 | D98: ='Lista de Preço 02_2022'!$C98*1.1712 -> 146.50421 | E98: 3.25 | F98: 0.18 | G98: Leve | H98: HOMOCINETICA | I98: FIAT - Doblo 1.8 8V 2002/...; Doblo Adventure 1.8 8V 2002/...; Idea 1.8 8V - Flex - s/ ABS (Lado Câmbio) 2006/...; Palio 1.8 8V 2002/2010; Palio Weekend 1.8 8V 2002/2010; Siena 1.8 8V 2002/2010; Strada 1.8 8V 2002/2010; | J98: PH - Leve | K98: FIAT | L98: 523-449-1 | M98: 87089990 | N98: 01.075.00 | O98: 1.754 | P98: 7898233436900 | Q98: 1
A99: AL-1093 | B99: 191.91937 | C99: ='Lista de Preço 02_2022'!$B99*0.9*0.9*0.9*0.9*0.9*0.97 -> 109.92667 | D99: ='Lista de Preço 02_2022'!$C99*1.1712 -> 128.74612 | E99: 3.25 | F99: 0.18 | G99: Leve | H99: HOMOCINETICA | I99: FIAT - Palio 1.6 16V 1996/2000; Palio 1.6 8V 1996/2000; Palio 1.7 Diesel 1996/2000; Palio Weekend 1.6 16V 1997/2000; Palio Weekend 1.6 8V 1997/2000; Siena 1.6 16V c/ ABS 1997/2000; Siena 1.6 8V c/ ABS 1997/2000; Siena 1.7 c/ ABS 1997/2000; | J99: PH - Leve | K99: FIAT | L99: 1561.669 | M99: 87089990 | N99: 01.075.00 | O99: 2.054 | P99: 7898233436917 | Q99: 1
A100: AL-1094 | B100: 186.32948 | C100: ='Lista de Preço 02_2022'!$B100*0.9*0.9*0.9*0.9*0.9*0.97 -> 106.72493 | D100: ='Lista de Preço 02_2022'!$C100*1.1712 -> 124.99623 | E100: 3.25 | F100: 0.18 | G100: Leve | H100: HOMOCINETICA | I100: FIAT - Doblo 1.8 8V 2002/...; Doblo Adventure 1.8 8V 2002/...; Doblo Cargo 2011/...; Doblo Essence 2011/; Doblo HLX - 1.8 16V - E.Torq 2011/...; Idea 1.6 16V - E.Torq 2011/...; Idea 1.8 16V - E.Torq 2011/...; Idea 1.8 8V Flex 2006/...; Palio 1.6 16V - E.Torq 2011/...; Palio 1.8 8V - s/ ABS 2002/...; Palio Weekend 1.6 s/ABS 2013/...; Palio Weekend 1.8 8V - s/ ABS 2002/...; Palio Weekend 1.8 E.Torq - s/ Locker - s/ ABS 2013/...; Palio Weekend Fase III - 1.6 16V - E.Torq 2011/...; Siena 1.6 16V - E.Torq 2011/...; Siena 1.8 8V - s/ ABS 2002/...; Strada 1.8 8V - s/ ABS 2002/...; Strada Fase III - 1.8 16V - E.Torq. 2011/...; Strada Fase IV 1.6 - s/ ABS - E.Torq. 2013/...; Strada Fase IV 1.8 - E. Torq - s/ Locker - s/ ABS 2013/...; | J100: PH - Leve | K100: FIAT | L100: 2461.1449 | M100: 87089990 | N100: 01.075.00 | O100: 2.192 | P100: 7898233436924 | Q100: 1
...
